confidence,abs_error
0.379869,20.6161
0.390588,13.5173
0.400076,13.137
0.404721,17.7322
0.411855,19.0223
0.414747,13.204
0.41513,10.0637
0.416019,5.68285
0.417353,6.57441
0.418386,11.9582
0.418783,9.49356
0.419548,2.99731
0.41968,21.6918
0.422832,8.65716
0.423383,11.634
0.424441,7.90886
0.426157,4.13387
0.427015,8.73886
0.428019,8.63153
0.429334,5.35505
0.42971,6.25793
0.431982,4.62249
0.432151,15.2195
0.433392,6.8164
0.433653,0.264878
0.433718,12.2677
0.433866,2.91313
0.434092,12.6764
0.434177,7.55367
0.434209,10.8492
0.435371,12.7916
0.43549,8.72325
0.435528,12.1734
0.435632,14.9304
0.436581,5.9748
0.436815,4.94642
0.436944,4.04878
0.436964,2.90954
0.437389,7.51883
0.4375,7.54234
0.437818,3.66213
0.438193,3.42655
0.439162,8.04623
0.439266,10.7875
0.439623,9.27726
0.440024,4.27358
0.440027,7.98208
0.440263,5.35111
0.440362,0.397576
0.44112,7.14677
0.441672,3.40258
0.441776,1.83766
0.441817,9.70291
0.441918,3.46854
0.44198,6.54629
0.44222,6.08801
0.442511,10.0805
0.442571,4.29414
0.442585,0.626807
0.442686,8.16852
0.442747,7.44735
0.442811,1.7934
0.442859,1.71578
0.442986,6.76589
0.443251,5.85422
0.44347,7.74697
0.443493,5.36935
0.443622,7.95432
0.443752,5.94486
0.443778,1.20571
0.443808,6.35074
0.443941,1.23791
0.443944,9.90181
0.443981,7.81733
0.444001,0.362312
0.444443,5.44686
0.444484,3.45499
0.444799,5.03796
0.444836,6.11519
0.445159,2.51263
0.445468,3.78647
0.445474,11.168
0.445728,12.8678
0.445973,1.72646
0.446217,2.06681
0.446222,5.61439
0.44624,1.84691
0.446494,6.99336
0.446545,4.48712
0.446552,1.79102
0.446697,4.32666
0.446834,2.97922
0.447029,5.96019
0.447077,8.87799
0.44741,12.7204
0.447765,0.338698
0.447845,2.1313
0.44801,8.58182
0.448226,3.1334
0.448293,4.46344
0.448505,13.5927
0.44892,4.93235
0.448955,4.61522
0.448981,5.34579
0.449042,5.63209
0.449107,2.84435
0.449179,2.52834
0.449343,7.75591
0.449365,2.44791
0.45002,4.07331
0.450303,8.60824
0.450615,9.08699
0.450724,2.51374
0.450802,6.80794
0.450878,0.218103
0.451249,2.70884
0.451306,13.0555
0.451627,2.02579
0.451848,13.2585
0.451915,2.26396
0.452044,0.624193
0.452074,5.41986
0.452121,7.32701
0.452184,2.22657
0.452518,3.91305
0.452649,6.02027
0.453164,8.41899
0.453268,7.58932
0.453321,0.200905
0.453488,0.159445
0.45376,6.02692
0.453769,4.10361
0.453968,4.25544
0.45402,0.374372
0.454042,4.667
0.454112,2.03858
0.454116,3.67883
0.454416,0.0823302
0.454645,5.31536
0.454911,4.5009
0.455051,14.8997
0.45533,8.76948
0.455398,12.6417
0.455578,3.65872
0.455608,1.21612
0.455618,10.2618
0.455675,3.25971
0.455881,0.232292
0.456052,0.187005
0.456206,0.539392
0.456367,4.44552
0.456375,2.48733
0.456417,3.27869
0.456436,3.13991
0.456449,8.01606
0.456621,0.906909
0.456633,7.81049
0.456643,7.54132
0.456843,4.43657
0.456895,5.84652
0.45692,6.75678
0.45703,8.49059
0.45721,3.16005
0.457237,14.3484
0.457314,10.9253
0.457355,2.01805
0.457502,2.05554
0.457729,7.11273
0.458092,4.92813
0.458164,8.45414
0.458277,4.16968
0.458305,5.00328
0.458434,11.6127
0.458671,6.99528
0.458723,4.47917
0.458724,0.763552
0.458864,2.64153
0.458897,10.5099
0.458975,1.98296
0.459017,1.654
0.45902,8.12699
0.45909,9.35864
0.459147,10.9235
0.459158,0.347909
0.459481,1.92363
0.459594,3.89584
0.459624,1.57576
0.459628,2.95692
0.459915,1.09469
0.459968,9.09842
0.460094,2.08427
0.460114,7.45276
0.460223,8.21053
0.460448,0.214349
0.460483,0.486079
0.46049,6.66053
0.460643,8.57524
0.460686,2.50338
0.461204,4.5567
0.461328,5.494
0.461386,0.633032
0.461422,2.76034
0.461585,8.8176
0.461601,8.83235
0.46166,2.808
0.461679,4.78898
0.462005,4.11136
0.462086,3.68678
0.462113,7.91618
0.462232,2.96204
0.462294,8.09494
0.46239,3.94796
0.462482,3.52196
0.462675,6.36696
0.46281,7.45053
0.462857,1.58575
0.463011,0.157388
0.463198,3.00423
0.463232,3.09119
0.463309,6.49944
0.463324,9.74667
0.463362,7.55414
0.463417,3.25284
0.463558,2.4778
0.463731,3.40099
0.463766,4.15102
0.463872,4.80418
0.463873,0.0704498
0.463904,5.82012
0.464177,1.19445
0.464487,2.70014
0.464573,0.623893
0.464691,1.68235
0.464692,5.64536
0.464831,8.27206
0.464848,2.84218
0.464991,7.11184
0.465163,0.0302339
0.465257,3.14589
0.465418,0.884927
0.465464,6.73471
0.465521,0.546721
0.465542,1.26865
0.465553,1.65603
0.465556,3.94529
0.465556,3.84904
0.465752,5.71252
0.465802,6.52976
0.466034,5.59935
0.466087,4.04783
0.466152,1.13474
0.466201,5.65239
0.466224,4.32068
0.466251,5.74651
0.466374,0.904667
0.466399,1.97128
0.466459,2.95686
0.466554,4.54946
0.466566,4.2628
0.466636,2.51688
0.466914,4.60745
0.466943,6.31073
0.466961,0.101911
0.467025,8.61067
0.467051,2.06279
0.467056,10.381
0.467067,3.4102
0.467145,0.578187
0.467153,3.65796
0.467235,1.8745
0.467306,2.6747
0.467343,3.78476
0.467351,0.129562
0.467464,5.60996
0.467472,4.47115
0.46752,1.31296
0.467632,0.441266
0.467727,3.3243
0.467923,0.410207
0.467932,4.24299
0.467981,1.82371
0.46801,6.42349
0.468098,10.5501
0.46825,2.54637
0.468281,4.30305
0.468499,7.44857
0.46862,1.96635
0.468714,8.32878
0.468733,0.504864
0.468857,2.16598
0.468865,5.3115
0.468945,9.11536
0.468987,8.37178
0.46905,3.06137
0.469053,6.42431
0.469297,2.64082
0.469363,1.87819
0.46941,7.49071
0.46962,1.93008
0.469816,7.61071
0.469838,3.80419
0.469913,1.44709
0.469927,1.53712
0.469977,11.3943
0.469997,1.66979
0.470035,6.82857
0.47005,1.74646
0.470103,3.45733
0.470141,2.22588
0.470247,4.65997
0.470281,5.31938
0.470429,0.477189
0.470431,4.28928
0.470551,10.0372
0.470558,4.92717
0.470567,6.71464
0.470749,0.685596
0.470917,4.25267
0.470918,0.0673976
0.470944,1.75095
0.471,5.35362
0.471025,8.53609
0.471134,1.98452
0.471259,1.71322
0.471268,6.44398
0.471281,0.973243
0.471291,5.62896
0.471355,0.404722
0.471555,3.88062
0.471604,0.625632
0.471653,5.8968
0.471729,3.24029
0.471762,11.2682
0.471797,1.22693
0.471862,3.69067
0.471914,3.11308
0.471918,1.14432
0.471941,9.30441
0.47205,4.72708
0.47205,1.99763
0.472054,2.73516
0.472094,9.32373
0.472204,11.9052
0.472259,4.0452
0.472314,10.3558
0.472378,9.80257
0.47247,0.465726
0.47252,6.86893
0.472543,6.1547
0.472559,1.96529
0.47261,6.86154
0.472662,2.26069
0.472682,3.19924
0.472754,2.13253
0.472811,12.3925
0.472838,2.84582
0.472889,1.41895
0.472889,3.35717
0.472892,4.43071
0.472939,0.949041
0.472943,9.18977
0.472981,2.46089
0.473017,0.988517
0.473034,5.53852
0.473061,1.10619
0.473155,3.45912
0.473176,8.78566
0.473206,7.74467
0.473362,0.441689
0.473363,1.064
0.473372,2.20334
0.473385,1.39142
0.473424,0.720741
0.473448,6.46333
0.473457,0.719124
0.473507,1.91507
0.473544,4.69655
0.473613,10.3226
0.473632,3.79491
0.473644,2.90991
0.473646,0.533761
0.473662,3.55632
0.473746,1.67702
0.473748,0.328373
0.473759,8.98638
0.473762,1.15628
0.473796,3.14561
0.473912,0.0920284
0.473974,1.60011
0.473975,3.26035
0.474014,4.02249
0.474038,2.41409
0.474051,1.95865
0.474223,12.089
0.47426,2.46923
0.474289,4.28345
0.47434,3.27316
0.474417,7.20838
0.474466,0.774647
0.474505,2.98822
0.474583,0.919819
0.474826,5.88345
0.475015,2.11907
0.47502,1.96486
0.475135,0.586001
0.47515,1.14167
0.475155,1.5082
0.475188,1.83149
0.475205,2.05964
0.475284,3.43618
0.475376,0.76095
0.475416,1.93291
0.475425,2.69106
0.47548,6.06317
0.475707,2.57811
0.475716,7.776
0.475755,6.02173
0.475757,6.19643
0.475817,8.90607
0.47591,1.25142
0.475912,3.09792
0.47595,2.21179
0.475968,0.708033
0.475998,11.2795
0.476017,2.47016
0.476043,6.09234
0.476161,3.4025
0.476183,7.94841
0.47627,0.227172
0.476288,0.923363
0.476335,3.67851
0.476351,3.77325
0.476378,3.06002
0.476386,2.63305
0.476432,3.92294
0.476436,0.914038
0.476457,3.44774
0.476628,3.95411
0.476719,1.56806
0.476792,3.22126
0.476813,5.76648
0.476818,1.21427
0.476827,1.55877
0.476842,1.87884
0.476851,3.02545
0.476993,5.40013
0.477025,3.38242
0.477099,3.51013
0.477166,3.64071
0.47717,6.37004
0.477203,5.65669
0.47722,3.34517
0.477241,1.10158
0.477297,2.43196
0.477323,2.82736
0.47742,4.03937
0.477447,3.29454
0.477469,5.65391
0.477486,4.8968
0.477521,7.55127
0.477546,1.68799
0.477553,2.50515
0.47759,2.41584
0.477612,4.78806
0.477624,4.52592
0.477635,0.413468
0.477666,1.89739
0.47771,4.09469
0.477739,1.63504
0.47777,2.61091
0.477797,6.93763
0.477798,0.984939
0.477806,0.178393
0.477848,0.0350312
0.477853,10.58
0.47786,6.26295
0.477949,0.410068
0.478044,3.27879
0.478045,1.55092
0.478053,0.946036
0.47807,2.38096
0.478139,3.00816
0.47816,7.13472
0.478178,2.81188
0.478188,0.586094
0.478206,9.83135
0.478216,7.96999
0.478324,2.29533
0.478383,3.60885
0.478384,1.53033
0.478437,7.89101
0.478439,3.77105
0.478439,0.229738
0.478572,4.13303
0.478595,4.14159
0.47865,2.30809
0.478673,6.32567
0.478681,0.753342
0.478698,5.12379
0.478712,0.34509
0.478743,3.17083
0.478751,1.34032
0.478848,3.16392
0.478939,4.38804
0.478953,0.127531
0.479029,1.85734
0.479116,4.67202
0.479155,2.81284
0.479175,10.7742
0.479218,4.19642
0.47923,0.619917
0.479237,0.754062
0.479279,3.89693
0.479396,1.92599
0.479498,1.82386
0.479524,0.952907
0.479577,4.21157
0.479581,0.980149
0.479586,1.1526
0.479607,0.351788
0.479642,3.00559
0.479661,1.35885
0.479687,3.58669
0.479759,1.01067
0.479794,4.50254
0.479803,1.04108
0.479828,2.11959
0.47993,7.91193
0.47997,1.55601
0.479992,6.88276
0.480003,5.59954
0.480016,2.99103
0.480121,4.03955
0.480131,2.36206
0.480149,0.354401
0.48018,3.47583
0.4802,2.61065
0.480375,2.86155
0.480384,0.316958
0.480397,0.798279
0.480398,0.267495
0.480499,1.78199
0.480515,4.0462
0.480603,1.8955
0.480674,1.10466
0.480713,0.249331
0.480857,3.89976
0.480873,0.219319
0.480901,9.01472
0.480915,7.66425
0.480998,8.81799
0.481021,1.8278
0.481028,1.23065
0.481078,0.913728
0.481091,1.03223
0.48112,2.96221
0.481157,0.933554
0.48119,0.885823
0.48122,0.24643
0.481267,3.89946
0.481353,3.74775
0.481368,3.59732
0.481443,1.7716
0.481506,3.17441
0.481573,1.48283
0.481574,6.02447
0.481598,5.39421
0.481603,13.0379
0.481608,0.392226
0.481621,4.66463
0.481731,6.48224
0.481776,3.2164
0.481849,0.0506845
0.481851,2.3902
0.481852,4.43423
0.481894,7.29075
0.481928,2.48091
0.48194,6.51929
0.48198,0.162809
0.482055,0.575548
0.482165,2.79153
0.482183,3.06674
0.48219,0.622037
0.482192,2.72657
0.482193,0.351573
0.48223,0.519157
0.482258,5.03191
0.48229,1.76573
0.482295,6.95116
0.482318,0.301086
0.482354,5.96401
0.482417,0.384631
0.482433,2.39329
0.482438,1.11793
0.482446,1.15552
0.482469,5.87278
0.482484,0.0458775
0.482492,4.67141
0.4825,6.08479
0.482523,0.698735
0.482565,0.514693
0.48262,2.85377
0.482686,2.09494
0.482723,0.0916167
0.482724,3.15584
0.482762,4.61321
0.482842,0.931207
0.482864,2.07909
0.4829,2.4564
0.48292,4.15252
0.482926,3.80615
0.482947,0.321878
0.483,0.0587682
0.48301,8.71293
0.483038,0.629098
0.483039,1.95463
0.483115,3.1486
0.483172,6.15344
0.483256,0.693916
0.483259,1.97491
0.483276,3.46808
0.483287,5.00094
0.483402,0.0773025
0.483428,5.30512
0.483463,2.3325
0.483468,1.58264
0.483505,8.46323
0.483513,6.92871
0.483538,3.79491
0.48355,5.56286
0.483566,5.77413
0.483572,4.90877
0.483611,3.14866
0.483633,3.24042
0.483655,4.91407
0.48371,0.117572
0.483734,1.27102
0.483758,10.3973
0.483818,3.33534
0.483821,1.7619
0.48384,8.84923
0.483863,6.43995
0.483939,6.39159
0.483972,5.55549
0.484135,6.48318
0.484156,0.227096
0.484161,0.887916
0.48417,1.94935
0.484175,1.1201
0.484218,0.415884
0.484234,3.22615
0.484262,2.10278
0.484308,0.307258
0.484309,5.09738
0.484352,1.6943
0.484396,2.57686
0.484423,2.52904
0.484435,5.70022
0.4845,11.6278
0.484624,0.984698
0.484645,3.40654
0.484692,3.16664
0.484749,2.47508
0.484761,1.95123
0.484815,5.26459
0.484819,0.74425
0.484821,1.13792
0.484835,7.61378
0.484849,1.63266
0.484872,2.24624
0.4849,0.970635
0.484932,3.40153
0.484998,2.61139
0.485031,2.78965
0.485049,1.20769
0.48514,2.86021
0.485175,1.85237
0.48522,0.0470088
0.485221,9.4565
0.485228,7.03737
0.485237,3.26744
0.485297,6.72909
0.485302,3.80199
0.485302,8.57714
0.48533,2.38059
0.485396,6.51131
0.485407,2.73015
0.485412,1.57617
0.485456,4.09028
0.485465,2.01481
0.485468,3.7918
0.485484,11.2631
0.485499,1.80159
0.485507,6.82355
0.485545,2.69503
0.485574,0.444549
0.48562,3.96797
0.485637,5.12864
0.485714,1.0691
0.485719,0.27948
0.485742,0.120235
0.485787,0.299673
0.485792,0.929522
0.485801,3.55932
0.485852,7.98492
0.485905,0.0126291
0.48594,1.71557
0.485955,3.7658
0.485964,1.84241
0.485981,0.425682
0.485996,0.35072
0.486022,7.18555
0.486045,7.34584
0.486069,3.27275
0.486105,5.86683
0.486115,1.62437
0.486222,1.2585
0.486239,0.446058
0.486259,2.53557
0.486316,6.86927
0.486329,5.47664
0.486336,1.29439
0.486344,6.44463
0.48636,4.5894
0.486387,0.164499
0.486428,0.50555
0.48649,1.12459
0.486507,2.18331
0.48654,0.486869
0.486554,5.53146
0.48657,3.95013
0.486635,4.6716
0.486637,4.18618
0.486639,6.72837
0.486645,5.43619
0.486676,8.83829
0.486678,2.90418
0.486707,2.42054
0.486729,0.0638884
0.486781,4.02951
0.486862,4.02582
0.486875,0.371411
0.486894,13.2554
0.486908,4.64693
0.486925,2.56751
0.486961,9.12178
0.487069,7.06831
0.48707,0.779479
0.487081,5.06059
0.487092,2.65529
0.487107,6.10884
0.487123,0.28599
0.487132,1.81944
0.487227,9.96757
0.487247,3.64775
0.487253,8.49895
0.487307,5.68831
0.487353,0.772031
0.487365,0.104519
0.48737,5.02067
0.487381,1.29603
0.487385,1.11733
0.487422,0.205176
0.487425,0.783674
0.487443,3.2336
0.487455,0.926725
0.487466,1.44467
0.487562,5.30209
0.487599,3.01414
0.4876,7.46528
0.487601,2.5727
0.487602,2.0843
0.487642,2.17502
0.487692,2.54241
0.48771,0.117303
0.487724,6.76568
0.487759,4.7428
0.487798,1.82031
0.487888,3.18232
0.487978,2.49061
0.488007,2.09727
0.48803,6.20651
0.488048,1.60199
0.488074,7.24163
0.488115,0.672813
0.488124,4.25497
0.488135,6.87822
0.488148,8.72239
0.488223,1.37906
0.488237,0.962698
0.488239,0.980178
0.488245,7.37142
0.488252,3.14491
0.488261,2.67187
0.488406,0.501827
0.488423,0.923753
0.488469,2.81707
0.4885,2.12281
0.488506,5.83979
0.488519,5.01316
0.488547,6.32345
0.488591,3.77803
0.488643,9.93859
0.488707,2.39441
0.488717,3.21911
0.488739,1.9137
0.488751,0.785911
0.488756,1.30717
0.488763,4.07606
0.488796,4.409
0.488798,1.75514
0.488807,4.86927
0.488838,3.27246
0.488843,2.60771
0.488919,7.60532
0.488937,0.998216
0.48894,1.59726
0.488955,6.461
0.488988,0.661237
0.488996,5.06062
0.489003,2.49121
0.489011,0.293546
0.48906,0.844135
0.489062,0.837536
0.489064,4.0331
0.489182,2.0923
0.489238,3.27251
0.489263,0.724711
0.489269,2.43102
0.489291,2.5183
0.489296,3.26707
0.489299,3.16029
0.489353,1.70801
0.489358,5.36017
0.489413,6.06826
0.489418,0.358441
0.489425,2.33702
0.489497,8.20688
0.489554,4.16808
0.489578,3.11742
0.489591,2.43507
0.489591,1.78729
0.489645,1.1289
0.489677,6.15983
0.489709,6.31496
0.489713,1.56735
0.489728,0.0400105
0.489731,6.18387
0.48975,2.25712
0.489765,5.85385
0.48977,4.73166
0.489774,5.74948
0.489801,7.67235
0.489864,0.370995
0.489912,4.46587
0.48992,5.26057
0.489976,0.811607
0.490065,7.97305
0.490133,0.421062
0.490158,3.10188
0.490166,6.06372
0.490191,0.155902
0.490197,2.26909
0.490213,2.32537
0.490255,0.723747
0.49027,0.885984
0.490366,2.87735
0.49037,3.13249
0.490395,0.873051
0.490422,6.07259
0.490472,2.78215
0.490484,4.22387
0.490541,2.48953
0.490558,5.03422
0.490563,8.20007
0.490595,1.52747
0.490645,0.887572
0.490723,2.7839
0.490726,5.26668
0.49075,4.73701
0.490763,3.85804
0.490772,1.11911
0.4908,1.4531
0.490917,2.40971
0.490924,4.17684
0.490962,0.208824
0.491006,0.0632442
0.491017,3.37985
0.491062,3.27453
0.491092,3.80402
0.491093,5.55585
0.491111,0.709519
0.491113,4.26651
0.491159,2.49721
0.491173,6.81222
0.491206,2.04002
0.491217,0.247057
0.491224,6.64993
0.491306,4.12034
0.491362,3.47798
0.491381,0.239902
0.491419,0.27538
0.491423,9.07251
0.491445,4.48693
0.491453,3.06139
0.491499,0.55384
0.491508,2.24519
0.491551,5.94648
0.491571,1.7706
0.49158,1.33
0.491631,1.34443
0.491639,3.71232
0.491655,1.80976
0.491671,2.97517
0.49168,3.30605
0.491716,3.58163
0.491751,2.48557
0.491797,1.27137
0.491847,1.29016
0.49186,6.64418
0.491869,0.716719
0.491977,6.38216
0.491984,4.78342
0.492031,3.18545
0.492041,8.07272
0.492045,2.46231
0.492136,0.503469
0.492206,1.71967
0.492226,0.14561
0.492231,0.0607571
0.492248,2.07867
0.492288,2.90459
0.4923,0.465805
0.492343,0.170975
0.492383,2.01238
0.492387,0.343667
0.492461,4.68723
0.492483,2.39931
0.492486,1.20028
0.492521,2.83573
0.492521,5.76126
0.492533,4.60512
0.492547,0.626793
0.492548,3.69318
0.492568,4.98497
0.492603,2.10644
0.492654,0.94363
0.492673,0.850366
0.492739,3.23822
0.492741,4.55241
0.492787,6.62201
0.492789,0.615368
0.492834,2.20382
0.492867,7.06264
0.492869,5.92853
0.492886,2.1577
0.492886,4.46371
0.492897,0.995625
0.492898,1.24426
0.492899,1.25097
0.49292,0.414265
0.492967,2.48598
0.492982,0.570969
0.492994,4.1749
0.493005,1.6263
0.493045,0.402275
0.493049,6.27737
0.493057,1.57357
0.493063,4.73242
0.493076,1.59458
0.493094,2.05747
0.493132,2.44978
0.493184,6.96699
0.49323,5.21088
0.493243,4.9438
0.49328,2.35639
0.493307,7.97286
0.4934,1.35661
0.493405,4.04931
0.493438,8.9218
0.493484,1.17829
0.4935,4.96692
0.493518,5.46179
0.493544,3.00168
0.493545,2.09118
0.493552,6.41834
0.493575,2.33564
0.493577,3.34126
0.493616,7.78943
0.493649,1.16819
0.493729,1.15024
0.493772,2.57772
0.493779,3.71189
0.493822,1.95032
0.493829,1.11616
0.493849,5.97416
0.493945,2.72588
0.493995,4.07996
0.494067,0.307913
0.494078,5.27264
0.494125,3.69147
0.494134,1.63991
0.494169,4.06375
0.49418,4.23452
0.494274,2.8878
0.494295,2.74656
0.494318,2.84427
0.494361,1.69731
0.494369,1.77543
0.494377,1.08829
0.494379,6.26292
0.494397,0.503633
0.494462,1.2516
0.494512,4.81407
0.494538,6.3366
0.494544,4.5869
0.494581,0.0733364
0.494582,0.20828
0.494603,2.63626
0.494635,5.35861
0.494701,5.19197
0.494745,3.83599
0.494756,2.10508
0.494809,3.88894
0.494827,3.82712
0.494833,1.7437
0.494856,2.48924
0.494886,1.11784
0.494899,0.682642
0.494976,3.95649
0.495016,3.99298
0.495017,5.8793
0.495036,0.673434
0.495099,5.37597
0.495103,1.6168
0.49512,3.7783
0.495125,1.81225
0.495155,4.71491
0.495181,0.530152
0.495184,3.21367
0.495215,0.225924
0.495249,3.90627
0.495282,0.594407
0.495286,1.95897
0.495291,0.86655
0.495302,8.13062
0.495319,1.57138
0.495363,4.9645
0.495375,0.453625
0.495386,3.33971
0.495459,3.91496
0.49546,1.71469
0.495532,1.93662
0.495534,1.46855
0.495583,5.49497
0.495588,0.936558
0.495603,6.03755
0.495604,6.03895
0.495607,0.742191
0.495612,2.40219
0.495634,4.28126
0.495663,0.937696
0.495669,3.67289
0.495669,0.654144
0.495683,3.5901
0.49571,1.62064
0.49571,4.37137
0.49573,0.825633
0.495744,0.586774
0.495817,1.38464
0.495836,0.403721
0.495867,7.80025
0.495875,2.98832
0.495887,0.132655
0.495902,0.57758
0.495946,1.56184
0.495954,2.00849
0.49597,2.7999
0.49603,1.88702
0.496056,5.07852
0.49607,0.507212
0.49607,5.2571
0.496127,1.36277
0.496141,2.30651
0.496152,4.25333
0.496209,1.3867
0.496228,0.475538
0.496282,1.42288
0.496295,1.94137
0.496323,1.1884
0.496355,2.21138
0.496371,3.43514
0.496382,3.52103
0.49642,0.379212
0.496421,1.75458
0.496452,4.25256
0.496461,1.98757
0.496533,6.78721
0.496537,5.08862
0.496552,2.24749
0.496627,3.30936
0.49663,5.79387
0.496642,2.33562
0.49665,2.37281
0.496702,5.47956
0.496747,2.98699
0.496753,3.76124
0.496794,0.63942
0.496862,5.26205
0.496863,0.703598
0.496864,2.36513
0.496874,1.08545
0.496899,0.0803842
0.496923,2.54786
0.49693,0.234916
0.496948,5.98423
0.496972,0.220479
0.496977,2.2285
0.497057,1.96954
0.49707,1.49685
0.497084,6.17909
0.497121,1.23837
0.497131,1.09908
0.497158,4.83776
0.49716,4.61675
0.497178,1.29685
0.497184,5.23052
0.497196,2.66482
0.497234,5.80185
0.49725,3.20499
0.497304,2.96254
0.497314,3.33567
0.497341,0.437467
0.497366,2.98818
0.497369,2.37633
0.497376,1.44706
0.497381,1.70365
0.497406,0.445433
0.497417,1.77793
0.497496,5.72913
0.497505,0.638266
0.497512,1.44183
0.497512,5.79501
0.497528,7.24202
0.497541,2.46282
0.497578,1.59655
0.497618,3.34355
0.497634,3.39799
0.497636,0.645917
0.49764,0.0907867
0.497719,0.265794
0.497724,4.77884
0.497759,1.75257
0.497766,3.09948
0.497776,0.686264
0.497808,3.00219
0.497838,2.43831
0.497886,0.888361
0.497905,0.784222
0.497905,0.42902
0.497979,4.56727
0.498004,6.75808
0.498014,7.47974
0.498028,5.32343
0.498118,1.14338
0.498159,4.27172
0.498172,3.11187
0.498194,0.295685
0.498194,3.64991
0.498195,1.50438
0.4982,5.59591
0.498205,1.89272
0.498209,0.59723
0.498209,8.71092
0.498212,5.28518
0.49823,3.29955
0.498237,1.35951
0.498258,0.527649
0.498282,2.66509
0.498298,9.7282
0.498303,0.564433
0.498303,4.56233
0.498309,2.97159
0.49832,2.34484
0.498328,1.92749
0.498333,2.19624
0.498341,3.58251
0.498343,0.123821
0.498343,1.62291
0.498355,5.9361
0.498401,1.41929
0.498406,3.2624
0.498424,0.507672
0.498439,0.908782
0.498461,1.68898
0.49847,2.41326
0.498524,3.35363
0.498531,2.12836
0.498563,1.10813
0.498586,4.58523
0.498599,1.15373
0.498642,5.11548
0.498649,1.19108
0.498659,4.639
0.498665,0.790905
0.498671,2.79475
0.498679,2.89533
0.498697,4.32576
0.498699,1.34874
0.498703,9.70289
0.498708,0.590069
0.498723,4.42772
0.498734,2.79155
0.498738,3.7173
0.49878,9.6445
0.498801,1.52493
0.498803,0.712417
0.498807,3.91226
0.498853,4.64307
0.498864,0.139009
0.498885,1.43095
0.49889,3.01997
0.498892,0.821456
0.498901,4.42808
0.498904,2.94226
0.498908,5.89402
0.498915,2.58514
0.49893,0.306811
0.498938,4.21635
0.498947,0.531584
0.498951,3.77854
0.498975,2.03193
0.49902,0.976374
0.499045,6.42062
0.499049,0.250467
0.499088,1.25047
0.499105,7.13294
0.499137,5.0343
0.499143,3.07065
0.499153,6.93526
0.499171,1.99954
0.499196,4.93704
0.499199,2.82262
0.4992,8.82699
0.499216,1.01127
0.499217,2.53737
0.499242,4.52832
0.499254,0.756793
0.499344,0.947806
0.499347,2.69001
0.499379,0.683146
0.499388,5.29023
0.499432,8.52225
0.499444,2.6264
0.499446,2.20884
0.499458,1.39565
0.499462,1.08155
0.499473,1.76797
0.499488,3.79439
0.499496,6.55105
0.499535,2.7081
0.499618,2.19353
0.499646,8.10339
0.499647,7.95501
0.499664,4.5544
0.49967,1.01039
0.49972,1.87144
0.49973,2.15267
0.499738,3.90947
0.499808,4.67067
0.499841,2.93345
0.499856,2.04469
0.499885,2.70848
0.499969,6.08175
0.499991,1.04049
0.500002,1.74462
0.500032,3.8043
0.500079,4.03675
0.500121,1.11417
0.500139,10.163
0.500159,1.24061
0.50017,1.05721
0.50018,4.3942
0.500196,0.0316341
0.500219,1.11839
0.500239,1.22785
0.500267,0.409034
0.500274,3.14876
0.50028,5.00181
0.500296,0.677767
0.500317,0.160955
0.500347,1.03222
0.500348,2.90102
0.500353,2.97607
0.500354,0.103264
0.500356,4.88597
0.500365,1.75179
0.500375,4.86116
0.500412,6.5186
0.500428,4.51676
0.50047,3.70757
0.500489,1.20978
0.500493,4.34131
0.500545,7.58656
0.500589,4.53581
0.500623,3.34031
0.50064,5.03816
0.500651,1.04552
0.500653,0.210833
0.500677,2.53188
0.50068,5.31443
0.5007,2.1197
0.500734,2.79546
0.500737,1.49447
0.500765,4.50791
0.500824,3.45931
0.500831,7.23543
0.500852,2.5948
0.500854,5.74735
0.500872,1.06811
0.500887,2.43122
0.50089,0.880296
0.500898,4.28819
0.5009,3.12768
0.500937,2.48707
0.500953,4.12896
0.500964,1.22412
0.500967,2.77975
0.500985,4.19116
0.501034,5.85427
0.501041,1.40211
0.501086,3.12235
0.501088,2.84259
0.501112,1.14055
0.501113,0.360743
0.501144,4.31906
0.501157,3.27555
0.501163,1.02566
0.501173,6.13532
0.501177,4.39086
0.501221,1.67157
0.501228,1.41018
0.501306,5.87812
0.501319,5.28948
0.501321,2.27511
0.501338,5.74572
0.501339,1.7076
0.50136,3.73322
0.501373,4.86715
0.501394,2.35888
0.501409,0.0569916
0.501419,3.02663
0.501423,2.68958
0.501436,1.52224
0.50144,6.32463
0.501442,6.93192
0.501446,0.691915
0.501463,0.691821
0.501465,0.491362
0.501474,1.07955
0.501475,0.646658
0.501495,0.292214
0.501506,0.41336
0.501521,1.75356
0.501538,3.48106
0.501552,9.36948
0.501573,4.01515
0.501614,0.667217
0.501624,3.87089
0.50163,1.39383
0.501718,2.9469
0.501736,5.94002
0.501743,1.75359
0.501754,3.5886
0.501759,1.19866
0.501771,3.72373
0.501781,5.54107
0.501809,6.99332
0.501917,8.09158
0.501934,4.85481
0.501949,1.33209
0.501964,4.89781
0.501968,0.0276
0.502011,6.28207
0.502015,1.30061
0.50202,0.568394
0.502034,2.34135
0.502119,0.698024
0.502129,2.17098
0.502168,4.24864
0.502191,4.24438
0.502206,5.26833
0.502233,4.30852
0.502246,5.74487
0.502281,1.51518
0.5023,3.50507
0.502302,5.52095
0.502321,8.66993
0.502329,4.20089
0.502336,1.58043
0.502396,0.764833
0.502396,3.53477
0.50242,2.64753
0.502429,0.686251
0.502462,1.74901
0.502464,6.68797
0.502527,4.04462
0.502551,1.05945
0.502567,7.79948
0.502598,4.58197
0.502602,1.12181
0.502624,3.67035
0.502626,0.400613
0.50263,0.395403
0.502645,0.374767
0.502648,0.964789
0.502656,3.30926
0.502656,5.34575
0.502687,2.57792
0.502693,0.113267
0.502694,2.86933
0.502721,2.08098
0.502732,3.26811
0.50276,0.321871
0.502774,0.249248
0.502779,8.16663
0.502789,4.82835
0.50279,3.76756
0.502805,6.11285
0.502815,2.06259
0.502825,0.796709
0.502899,0.379249
0.502913,0.829601
0.502931,1.11195
0.502942,2.23634
0.502968,0.686796
0.503011,1.26613
0.503016,0.569174
0.503034,0.929085
0.503081,4.07668
0.503091,4.52162
0.50312,4.5348
0.503134,1.13665
0.503138,4.13298
0.503151,4.52688
0.50318,2.06176
0.503187,8.32808
0.50319,1.3139
0.503233,2.27747
0.503236,2.93167
0.503247,7.73353
0.503254,0.329175
0.503271,4.20006
0.503273,6.17698
0.503294,3.60746
0.503314,9.39373
0.503343,3.74663
0.503348,1.55337
0.503409,1.61952
0.503421,6.7166
0.50344,1.52504
0.503461,1.04339
0.503467,2.2273
0.503467,3.36027
0.503474,1.98249
0.503479,7.55981
0.503492,5.10353
0.503534,6.52883
0.503542,0.77495
0.503548,2.27265
0.503588,2.79663
0.503597,1.21431
0.503638,0.204363
0.503639,0.49089
0.503733,0.563041
0.503757,1.34422
0.503777,6.90977
0.503789,2.45367
0.50381,4.79143
0.503819,3.53107
0.503826,3.33553
0.503827,1.6004
0.503899,8.2786
0.503929,0.866085
0.503943,6.85488
0.503962,1.05694
0.503962,2.3324
0.503983,3.12568
0.504014,2.57934
0.504067,3.1338
0.504076,3.05269
0.504076,0.960561
0.504079,1.95923
0.504096,3.14526
0.504121,6.39865
0.504137,1.61976
0.50415,3.44954
0.504173,0.580242
0.504183,1.16606
0.504208,0.902533
0.504223,4.16833
0.504248,0.387142
0.50425,0.859617
0.504295,7.08536
0.504321,3.15485
0.504336,0.226595
0.504343,3.7291
0.504348,2.70992
0.504378,2.30144
0.504379,1.87923
0.504394,2.13991
0.504406,2.48701
0.504423,0.723602
0.504437,0.367527
0.504494,5.18746
0.504502,2.27977
0.504527,1.73465
0.504532,3.79519
0.504536,2.2191
0.504544,7.93104
0.504561,0.437332
0.504578,1.06065
0.504591,3.39847
0.504592,4.42753
0.504606,1.0735
0.504636,0.818465
0.504692,6.17472
0.504712,4.06907
0.504766,9.3647
0.50477,4.67154
0.504791,10.0047
0.504806,3.74578
0.504813,2.09615
0.504917,0.263464
0.504918,4.94037
0.504986,1.67079
0.505012,2.06715
0.505065,0.251716
0.505081,2.00799
0.505092,6.37088
0.505105,0.0434678
0.505107,3.56367
0.505129,1.38611
0.505143,4.55533
0.505148,3.6689
0.505193,6.48425
0.5052,1.42042
0.50521,1.65724
0.505231,0.166829
0.505274,4.47971
0.505279,3.21254
0.505281,5.68297
0.505304,2.76333
0.505307,2.24028
0.505316,3.44679
0.505334,5.41933
0.505345,4.99802
0.505354,1.92166
0.505358,4.28025
0.505364,6.60399
0.505366,0.511991
0.50538,1.00984
0.505387,0.977897
0.505421,0.571335
0.505427,1.12948
0.505435,11.7634
0.505443,2.46061
0.505495,8.13634
0.505545,1.07591
0.505551,4.30452
0.505554,0.391114
0.505561,4.11192
0.505583,6.70303
0.505593,1.39296
0.505616,7.1341
0.505619,6.28629
0.505641,0.0966933
0.505663,5.86222
0.505671,1.41513
0.505677,2.82118
0.505691,6.24592
0.505695,4.37786
0.505729,4.17451
0.505753,1.62345
0.505755,0.784693
0.505758,2.73185
0.505785,1.30442
0.505791,2.60694
0.505792,4.69782
0.505798,0.362356
0.505838,0.995315
0.505845,1.66505
0.505875,1.40984
0.505894,3.10409
0.505921,4.64354
0.505947,5.75343
0.505962,2.89399
0.505972,0.201004
0.505977,4.81181
0.505978,1.62033
0.505983,4.68488
0.505984,0.947628
0.505986,3.06201
0.505993,4.70729
0.506001,0.768884
0.506003,2.61855
0.506006,3.78361
0.506015,1.74638
0.50602,1.45889
0.506047,6.57235
0.50609,3.70175
0.50609,1.18792
0.50611,6.07173
0.506112,1.69755
0.506138,2.63444
0.50614,0.47024
0.506145,8.93487
0.506163,1.98139
0.506184,0.408657
0.506206,4.90301
0.506218,13.7527
0.506219,7.00638
0.506229,0.901612
0.506234,0.965299
0.506242,1.05759
0.506259,0.25262
0.506266,10.0909
0.506285,3.90987
0.506318,1.34519
0.506329,2.9475
0.506378,1.2346
0.506385,1.85034
0.506399,2.76277
0.506415,4.66618
0.506421,2.46943
0.506421,6.52685
0.506426,0.889868
0.506433,1.81893
0.506437,5.76723
0.506465,3.40635
0.506498,3.449
0.506504,2.04476
0.506508,1.88153
0.50651,1.72234
0.506526,2.83878
0.506538,5.89889
0.506569,1.8383
0.506572,1.90722
0.506572,1.17876
0.506607,1.58556
0.506641,2.72927
0.50666,2.99392
0.506673,4.3896
0.50668,1.81383
0.506701,3.2163
0.506778,6.59836
0.506787,1.18596
0.506805,6.51935
0.506822,2.33432
0.506825,0.0339257
0.506837,6.60719
0.506867,4.0359
0.506874,1.76179
0.506884,0.303836
0.506898,0.682138
0.506914,1.65845
0.506932,1.92702
0.506944,0.510954
0.506956,1.77517
0.506966,1.09465
0.507004,3.56785
0.507029,3.70699
0.507066,4.77567
0.507072,2.34635
0.507083,1.0432
0.507108,2.65325
0.507114,5.53707
0.507118,5.07608
0.507143,3.4223
0.507181,2.63864
0.507224,3.12833
0.507227,5.22899
0.507271,1.17556
0.507291,3.05914
0.507301,0.401257
0.507331,1.17227
0.507342,6.86778
0.50735,1.02771
0.50737,3.89764
0.507403,6.69575
0.507407,6.2496
0.507418,2.74911
0.507426,5.16996
0.507431,3.42589
0.507433,2.65978
0.507435,2.03115
0.507446,1.77594
0.507451,4.21032
0.507582,2.09883
0.507605,2.23215
0.507631,6.52839
0.507644,1.4851
0.507644,1.70486
0.507659,5.79319
0.507675,10.1288
0.507677,3.18529
0.507721,3.25772
0.507758,1.12177
0.507764,7.03525
0.507773,3.16462
0.507776,1.1765
0.507779,1.12544
0.507781,0.199743
0.507784,4.807
0.507792,4.63754
0.507798,5.87452
0.507803,2.03503
0.507806,2.05077
0.507808,3.12382
0.507821,0.518104
0.507838,0.232981
0.507851,2.90014
0.507874,3.28556
0.507884,6.23129
0.507901,2.3176
0.507905,4.7717
0.507932,4.59717
0.507981,4.37467
0.508014,4.83277
0.50803,0.445263
0.508062,0.161182
0.508093,1.71466
0.508094,2.4087
0.508103,1.50071
0.508122,5.72976
0.508144,6.17229
0.508165,0.305022
0.508222,1.05745
0.50823,0.44651
0.508234,11.9632
0.508236,1.22983
0.508263,7.62354
0.508292,0.238899
0.508314,2.93125
0.508318,2.71429
0.508321,5.55651
0.508326,0.582962
0.508328,2.96674
0.508338,0.721522
0.508348,3.11822
0.50837,0.275525
0.508435,1.33463
0.508449,1.45585
0.508474,0.831219
0.508476,7.74174
0.508493,5.39741
0.508542,3.22374
0.508579,1.7478
0.508582,5.49542
0.50862,4.90104
0.508624,5.12512
0.508655,1.77582
0.508682,2.23401
0.508688,0.524211
0.508689,0.527262
0.508693,3.70014
0.5087,5.6381
0.508722,4.84104
0.508729,4.52571
0.508779,1.91218
0.50879,0.991683
0.508796,0.127748
0.508804,0.186299
0.508811,4.75851
0.50882,0.192811
0.508854,0.763534
0.508869,1.57955
0.508878,0.840766
0.50889,1.13383
0.50891,1.98138
0.508923,4.11543
0.508937,2.79453
0.508938,3.69522
0.508958,0.472917
0.508985,1.23091
0.508988,4.18917
0.509,0.690357
0.509018,0.857383
0.509053,0.993
0.509071,0.198292
0.509077,1.58776
0.509079,0.083987
0.509177,12.4028
0.509213,4.20861
0.509223,6.57792
0.509236,10.1618
0.509248,3.8739
0.509267,1.53844
0.509291,3.72308
0.509296,1.37456
0.509301,3.17064
0.509324,3.19613
0.50935,4.19988
0.509378,3.38131
0.509417,1.62405
0.50942,1.16133
0.509428,4.29621
0.509438,3.92047
0.509502,1.55593
0.50953,1.58606
0.509536,0.132409
0.509539,0.498955
0.509557,5.21859
0.50958,1.10097
0.509593,1.86506
0.509605,3.19224
0.509606,6.02153
0.509615,2.87619
0.509624,2.54038
0.509637,1.7083
0.509655,6.36602
0.509673,4.58887
0.509687,3.0953
0.509687,1.70418
0.50969,5.43933
0.509724,2.43532
0.509741,1.6075
0.509745,3.98241
0.509755,2.06271
0.509768,4.8863
0.50977,4.222
0.509785,0.795929
0.509791,1.97937
0.509794,0.292855
0.509804,0.969486
0.50982,5.14712
0.509843,0.935762
0.509869,9.5699
0.50987,2.63198
0.509882,5.09313
0.509889,2.9626
0.50994,4.00439
0.509959,5.2371
0.509978,2.41577
0.509985,0.67468
0.510006,0.422305
0.510032,7.51359
0.510035,7.48515
0.510063,5.38023
0.510064,2.8813
0.51011,1.40843
0.510139,5.45797
0.510184,0.722944
0.510191,0.708583
0.510197,0.958523
0.5102,5.10301
0.510211,4.89066
0.510241,2.9261
0.510253,7.18035
0.510268,2.02505
0.510275,2.93675
0.51029,2.92388
0.510294,8.86306
0.510299,4.70239
0.510303,2.89977
0.510304,0.823976
0.510316,1.26533
0.51033,4.14846
0.510375,6.21988
0.510385,1.52733
0.510406,0.159256
0.510413,6.64986
0.510418,2.95442
0.510419,0.345447
0.510458,4.8613
0.510463,1.89373
0.510469,2.32427
0.510525,2.65113
0.510562,1.01274
0.510563,2.86916
0.51059,1.77716
0.510596,1.43641
0.510598,4.23607
0.510613,2.28024
0.510622,0.454838
0.510625,2.03098
0.510629,4.19512
0.510631,2.80872
0.510641,0.93039
0.510642,1.03913
0.510665,3.35233
0.510743,3.25305
0.510754,2.19114
0.510756,4.33315
0.510757,1.17823
0.510783,5.87629
0.510795,2.10914
0.510798,1.3539
0.510811,4.23615
0.510831,0.207756
0.51084,2.69276
0.510842,1.8939
0.510852,0.424559
0.510856,3.43529
0.510875,1.64068
0.510906,1.58388
0.510913,0.25649
0.510923,1.18414
0.510953,2.02017
0.510966,0.345487
0.510991,1.83576
0.511019,3.13399
0.511035,1.0251
0.511057,3.80442
0.51106,0.104914
0.511065,1.03328
0.511084,0.845785
0.511126,0.656407
0.511161,6.20521
0.51118,1.10513
0.511202,0.990153
0.511233,3.98539
0.511235,3.03818
0.511249,1.71542
0.511251,0.0236358
0.511267,7.03895
0.511289,5.43213
0.511348,2.66332
0.511355,1.52545
0.511371,5.83494
0.51138,7.0042
0.511431,1.38718
0.511433,6.04159
0.511434,5.68573
0.511439,1.26266
0.511445,8.6981
0.511447,4.17392
0.511465,2.96107
0.511495,2.47276
0.511505,3.03471
0.51151,2.20196
0.511531,1.59094
0.511551,4.3827
0.511553,0.0080248
0.511569,2.33292
0.51157,1.0377
0.511576,3.90749
0.511585,4.99392
0.511638,4.72634
0.511645,4.02479
0.511648,0.0973719
0.511656,3.95362
0.511676,0.909105
0.511683,4.94863
0.511692,4.82645
0.511693,4.52636
0.511721,2.01435
0.511729,2.61784
0.511739,2.79592
0.51175,9.41902
0.511766,4.46142
0.511777,2.11522
0.511795,1.70327
0.51183,3.92929
0.511851,6.6006
0.51186,0.156936
0.511876,1.79106
0.51189,1.29705
0.511894,1.96263
0.511902,9.59529
0.511907,1.37518
0.511909,5.11666
0.51192,9.73426
0.51193,0.963407
0.511932,7.05106
0.511948,4.55107
0.511949,0.442386
0.511965,2.74583
0.511977,2.33024
0.511978,1.10264
0.511981,1.57461
0.511981,8.63676
0.512008,1.49627
0.512021,4.09949
0.512048,2.72948
0.512082,3.78891
0.512101,0.37502
0.512141,1.84393
0.512151,2.65871
0.512166,4.39376
0.512172,1.30211
0.512179,3.76364
0.512187,6.02888
0.512192,2.62908
0.512208,0.594258
0.512209,0.867759
0.512226,4.45351
0.512233,2.82731
0.512242,1.27143
0.512247,0.879167
0.512265,1.97406
0.512278,2.01845
0.512291,2.55915
0.512312,3.1396
0.512321,0.909198
0.512348,2.42358
0.512351,4.46888
0.512361,5.24229
0.512386,6.53381
0.512412,1.24822
0.512414,5.44114
0.512491,1.49162
0.5125,1.77101
0.512526,0.703876
0.512539,5.55024
0.512552,2.48149
0.512554,4.78431
0.512554,3.40282
0.512555,3.13437
0.512556,0.619151
0.512558,0.0351859
0.512601,4.71012
0.512612,1.29499
0.512621,2.06785
0.512634,2.85622
0.512641,6.53528
0.512665,3.65896
0.512718,5.95944
0.512719,2.34287
0.512719,1.21835
0.512756,2.42791
0.512758,3.74537
0.512777,2.70823
0.512789,3.98565
0.512792,2.33174
0.512804,0.0919009
0.512806,1.94819
0.512849,0.689388
0.512851,2.66386
0.512855,2.72951
0.512875,3.41363
0.512881,0.819819
0.512902,0.927984
0.512903,5.89512
0.512911,6.60268
0.512919,4.06083
0.512929,3.0646
0.512971,4.01408
0.512988,2.68571
0.512996,3.89299
0.513005,4.44317
0.513006,1.90589
0.513071,1.14919
0.513076,3.30194
0.513098,6.0472
0.5131,3.37228
0.513111,1.29813
0.513143,2.94482
0.513149,1.50254
0.513161,0.510891
0.513165,4.00756
0.513172,1.62786
0.51321,0.213197
0.513247,0.108147
0.513262,2.61461
0.513282,3.68405
0.513283,3.78552
0.513303,2.86898
0.513318,0.467163
0.513318,0.803644
0.513334,2.2848
0.513334,2.52438
0.513352,2.13857
0.513353,0.0423833
0.513367,0.622332
0.513408,2.05632
0.513426,1.87659
0.513427,5.55394
0.51343,0.250877
0.513441,4.9542
0.513446,1.53005
0.513454,0.249864
0.513458,0.392214
0.513465,5.3824
0.513474,0.128492
0.513484,0.947663
0.513515,4.01658
0.513538,0.255492
0.513545,0.89982
0.513552,7.3202
0.513561,5.76632
0.513564,0.473549
0.513591,1.48141
0.513618,3.51052
0.513619,3.36499
0.51362,1.21573
0.513628,1.2178
0.513628,2.64324
0.513645,2.19166
0.513649,1.00529
0.513657,5.68979
0.513665,4.42405
0.513725,1.33314
0.513764,0.493753
0.513782,2.28703
0.513783,4.01651
0.513807,0.670748
0.513818,1.08056
0.51382,3.51903
0.513843,4.8806
0.513848,3.00998
0.51385,1.87824
0.513868,2.91616
0.513887,2.35295
0.513903,0.0543879
0.513925,2.35414
0.513961,4.41919
0.513965,0.982279
0.513971,3.58627
0.513972,2.65877
0.513999,6.76173
0.514014,0.242744
0.514025,0.0367528
0.514052,1.65624
0.514054,2.63677
0.514064,1.64964
0.514066,6.34974
0.514068,3.32012
0.51408,0.326619
0.514083,2.24809
0.51409,3.74167
0.514098,1.68304
0.514128,0.412702
0.514194,2.88851
0.514198,0.333638
0.514215,5.24498
0.514218,2.59775
0.514236,0.0889927
0.51424,0.972948
0.514244,3.99552
0.514249,0.376595
0.514258,2.70439
0.514265,2.01323
0.514271,0.975548
0.514328,2.42995
0.514329,0.974337
0.514339,2.72375
0.514379,1.7076
0.514384,4.17428
0.514411,0.0767973
0.514417,0.493331
0.514419,5.63104
0.514435,1.07473
0.514494,0.862595
0.514507,4.506
0.514516,3.34129
0.514518,0.259249
0.514527,3.58123
0.51454,4.74356
0.514543,0.612755
0.514551,4.06809
0.514559,1.14587
0.514566,2.60473
0.514584,1.81318
0.514605,2.37665
0.514617,0.24557
0.514642,0.908712
0.514648,2.07817
0.514693,3.18674
0.514705,0.86064
0.514705,2.75299
0.514731,4.70465
0.514737,5.68627
0.514751,2.44081
0.514754,6.36508
0.514768,2.03563
0.514774,1.4778
0.514779,0.0487125
0.514796,1.83115
0.514828,2.21586
0.51483,1.36316
0.514861,2.70707
0.514875,1.50556
0.514902,0.0289026
0.514904,2.58878
0.514918,8.61596
0.514942,3.51483
0.514958,0.698132
0.514958,0.0763154
0.514998,0.335936
0.515015,3.82579
0.515056,3.60918
0.515061,1.23207
0.515068,1.48813
0.515091,2.83291
0.515137,0.76133
0.515141,0.264985
0.515201,1.94061
0.515216,6.8489
0.515238,3.29678
0.51524,3.90246
0.515244,1.01538
0.515251,0.489543
0.515255,1.45646
0.515282,0.86112
0.515289,0.933733
0.5153,2.02557
0.515304,1.39734
0.515311,2.75939
0.515318,2.73794
0.515336,2.88185
0.51535,1.64259
0.515368,0.549526
0.515417,3.14489
0.515438,2.94192
0.515457,2.30371
0.515544,1.15522
0.51559,0.737885
0.515664,0.655771
0.51567,3.14708
0.515686,4.05955
0.515701,4.03259
0.515719,0.716014
0.515728,1.05286
0.515735,8.72017
0.515751,7.82742
0.515782,10.1865
0.515786,1.61404
0.515813,1.91772
0.515823,3.61181
0.515829,1.54405
0.515834,0.699051
0.515849,4.34409
0.515866,4.33791
0.515905,4.65204
0.515908,5.77609
0.515939,1.62997
0.515947,1.14796
0.515963,6.17611
0.515972,0.0388526
0.515994,0.183389
0.516001,1.00632
0.516001,0.793724
0.516014,0.123373
0.516025,4.76911
0.516046,1.67306
0.516047,3.2743
0.516064,1.70912
0.516071,6.5285
0.516091,0.675575
0.516093,5.18131
0.516099,1.48555
0.516141,0.980736
0.516154,1.64631
0.516162,5.23084
0.516169,6.61226
0.516208,3.65353
0.516248,0.000567435
0.516256,8.36714
0.516257,3.9648
0.516271,5.62274
0.516277,1.41594
0.516291,2.51805
0.516296,0.731344
0.516317,0.888845
0.516333,0.754531
0.516333,3.40513
0.516344,3.13655
0.516364,4.15214
0.516378,4.97126
0.516378,0.978098
0.516455,3.39455
0.516461,1.08766
0.516502,0.361937
0.516528,2.23839
0.516552,7.13246
0.516569,2.84827
0.516611,0.0110892
0.516613,4.96816
0.516621,0.754651
0.516622,3.83888
0.516622,1.38716
0.516625,1.71371
0.51666,1.87005
0.516692,2.33263
0.516741,3.09431
0.516757,2.98899
0.516775,0.241899
0.516775,4.1958
0.516791,4.05728
0.516815,1.37009
0.516839,0.61267
0.516845,2.73216
0.516877,2.12382
0.516919,6.05761
0.51694,4.90624
0.517014,1.17225
0.517041,1.44175
0.517061,7.25179
0.51707,4.10255
0.517073,2.88096
0.517078,6.15675
0.517082,0.593971
0.517089,3.14521
0.517095,1.61979
0.517104,0.383607
0.517104,2.23571
0.517107,3.80707
0.517118,0.133957
0.517145,3.74481
0.517146,0.806954
0.517152,1.49911
0.517175,0.865565
0.517184,2.10654
0.5172,0.29585
0.517201,0.0645643
0.517211,1.63799
0.517222,0.205046
0.517292,4.19669
0.517296,1.51831
0.517346,1.80725
0.517407,1.67557
0.51741,3.59566
0.517432,4.5263
0.51744,1.96551
0.517492,2.93824
0.517496,4.89957
0.5175,0.213138
0.517525,0.960201
0.517564,2.79924
0.517569,3.28302
0.517578,1.39727
0.517606,0.127458
0.517626,2.60914
0.517654,1.40254
0.517676,4.78005
0.517719,3.16126
0.517744,8.39226
0.517765,1.02565
0.517773,4.45972
0.517782,1.44996
0.517788,4.87119
0.517795,0.0944247
0.517832,1.2055
0.517832,0.371512
0.517881,5.32918
0.517881,8.55236
0.51789,0.629295
0.51789,5.25556
0.517894,0.749254
0.517938,4.01837
0.517945,0.841423
0.517957,3.41918
0.517977,1.29482
0.518042,4.6181
0.518046,0.676226
0.518047,7.35473
0.518057,6.76197
0.518087,0.214631
0.518095,5.98388
0.518122,3.63283
0.518143,3.92823
0.518195,3.50242
0.51822,0.695172
0.51824,4.38238
0.518259,3.68371
0.518281,0.987022
0.518306,3.60898
0.518321,6.52294
0.518324,3.24157
0.518337,2.99998
0.518345,0.13812
0.518365,5.28302
0.518393,1.35646
0.518393,3.2537
0.518402,2.53996
0.518425,2.87093
0.518431,0.0509684
0.518435,0.787339
0.518442,3.10024
0.518458,0.970342
0.518461,5.11424
0.51851,1.44893
0.518525,2.64465
0.518557,3.61872
0.518562,0.51086
0.518565,6.23079
0.518568,5.63061
0.518569,3.26525
0.518569,1.37431
0.518594,1.64059
0.518596,0.278337
0.518602,0.0772045
0.518616,5.14093
0.518621,1.01051
0.51863,6.79547
0.518631,4.65266
0.518645,1.13317
0.518696,2.43693
0.518743,5.02404
0.518766,1.72614
0.518782,0.331045
0.518794,4.18916
0.518796,0.716516
0.518845,2.41035
0.51891,2.7108
0.518922,0.231995
0.51893,2.22394
0.518933,0.634626
0.518947,2.10185
0.518948,1.71747
0.518949,7.64817
0.51895,0.529199
0.518962,1.07944
0.518965,1.83886
0.519009,1.74745
0.519012,3.50644
0.519052,4.72517
0.519069,0.39803
0.519075,5.49143
0.519086,0.9152
0.519087,0.0344679
0.519087,2.92924
0.51909,1.04546
0.519106,1.16386
0.519108,6.25686
0.519138,2.04098
0.51917,0.663232
0.519192,2.06786
0.519196,2.89011
0.519202,1.21799
0.519237,0.154295
0.519261,5.47941
0.519262,0.881708
0.51927,2.66613
0.519278,0.973106
0.519294,3.22539
0.519295,0.260907
0.519356,1.18398
0.519358,9.6264
0.519388,0.18577
0.519398,1.3287
0.5194,4.3398
0.519405,0.577247
0.519458,2.99119
0.51946,8.12848
0.519473,1.16696
0.519498,0.247672
0.519504,0.351753
0.519506,1.82048
0.519519,1.92132
0.519521,5.68042
0.519523,1.49874
0.519549,0.656795
0.519565,4.74702
0.51957,1.18649
0.519603,10.0971
0.519627,0.761472
0.519635,1.74406
0.519645,0.651277
0.519682,2.49958
0.519747,1.58393
0.519761,1.90822
0.519801,5.5594
0.519802,2.07243
0.519807,7.44789
0.51981,1.21859
0.519812,11.9673
0.519813,0.0565654
0.519852,3.13742
0.519863,0.322218
0.519875,6.24383
0.519885,2.36701
0.519906,7.24955
0.519919,0.559849
0.519924,7.25761
0.519941,4.40069
0.519961,2.44811
0.519962,1.88386
0.519975,1.11499
0.519994,3.52818
0.520002,0.867189
0.520004,3.84012
0.520008,2.60194
0.520011,3.43651
0.520011,2.49232
0.520064,2.33504
0.520101,4.29336
0.520117,2.93365
0.520119,0.137084
0.520146,2.44549
0.520149,2.64032
0.520151,2.36904
0.520175,4.15514
0.520177,1.64805
0.520182,3.08848
0.520185,1.85171
0.520192,4.01067
0.520193,0.817655
0.520237,1.76914
0.520242,0.862452
0.520246,0.193794
0.520255,1.33141
0.520259,0.384571
0.520287,1.72408
0.520288,5.19291
0.520296,0.827978
0.520339,3.8858
0.520342,0.0291469
0.520351,6.80562
0.520409,4.54137
0.520415,4.76088
0.520416,3.59876
0.520435,3.26584
0.520468,2.00344
0.520472,4.53309
0.520499,2.11124
0.520505,3.99357
0.520527,3.60807
0.52054,0.98692
0.520567,0.65362
0.520584,9.75893
0.520588,0.00247545
0.520597,5.61554
0.520638,8.97836
0.52066,2.00248
0.520683,5.88008
0.520688,0.628574
0.520702,2.31234
0.520749,3.09777
0.520752,1.67555
0.520755,0.826365
0.5208,2.91692
0.520804,3.41444
0.520823,4.71249
0.520843,0.794248
0.520872,0.0485971
0.520903,4.56246
0.520919,0.345768
0.520935,0.66827
0.520975,5.97371
0.520979,0.628054
0.520982,1.16966
0.520985,0.521292
0.520989,3.36624
0.521014,1.06215
0.52102,2.49471
0.521034,2.17196
0.521048,0.895076
0.521063,1.92406
0.521071,0.336061
0.521123,0.929717
0.521144,1.61599
0.521162,9.15866
0.521163,0.928625
0.52117,3.33206
0.521173,1.5124
0.521261,1.60297
0.521273,5.52603
0.521311,5.85287
0.521314,0.869512
0.521324,2.73484
0.52141,1.22213
0.521416,1.88316
0.521448,1.26079
0.521465,2.66357
0.521466,1.24524
0.521474,0.669714
0.521475,0.382579
0.521496,1.91115
0.521518,2.2988
0.521547,2.47719
0.521552,1.24682
0.521596,4.87782
0.521605,2.7739
0.521606,2.72574
0.521607,0.96168
0.521618,3.52387
0.521624,2.69032
0.521657,6.55964
0.521704,1.83405
0.521718,3.33596
0.521729,3.68181
0.521741,0.984578
0.521776,1.10864
0.521777,1.65619
0.521779,0.467292
0.521827,5.44682
0.521835,2.31871
0.521838,4.13828
0.521889,0.312991
0.52189,4.89912
0.521892,2.46471
0.521916,5.14247
0.52193,1.70028
0.521935,3.53535
0.521936,2.52603
0.521947,0.527301
0.52195,0.134402
0.521965,0.752107
0.52197,3.86104
0.522005,0.2071
0.522013,2.38596
0.522014,3.75635
0.522017,3.58471
0.522018,1.82307
0.522049,5.82016
0.522058,2.23892
0.522062,2.05304
0.522089,3.21945
0.522094,2.24431
0.522111,0.00150333
0.522136,0.631711
0.522138,0.407715
0.52214,2.93794
0.522144,0.0867492
0.522216,2.54769
0.52227,1.25345
0.522296,3.0033
0.522328,3.39667
0.522344,1.83474
0.522353,3.85621
0.522354,6.72388
0.522355,2.55709
0.522375,5.26223
0.522381,1.88166
0.522417,2.12869
0.522439,0.126781
0.522471,2.11334
0.522491,0.765773
0.522503,0.501949
0.522505,8.74551
0.522515,2.91033
0.522551,3.20086
0.522566,3.51033
0.52257,1.79083
0.522573,1.96644
0.522609,0.974138
0.522621,3.81518
0.522646,2.26683
0.522654,5.57924
0.522656,1.58671
0.522657,2.04348
0.522687,4.08809
0.5227,0.631108
0.522709,0.0493649
0.522719,1.37298
0.522729,4.73582
0.522758,5.34266
0.522771,0.360924
0.522797,4.10958
0.522848,0.997446
0.522859,2.26343
0.522862,4.28917
0.522863,1.67759
0.522868,2.53563
0.522911,8.17903
0.522921,0.881823
0.522949,2.32304
0.522971,6.72715
0.522981,6.4749
0.522989,5.96726
0.522999,2.11901
0.523004,0.041131
0.523058,1.42504
0.523068,0.347503
0.523075,1.48875
0.523087,3.40083
0.523121,2.34529
0.52314,0.334943
0.523149,5.35108
0.523154,1.26296
0.523181,3.83774
0.523205,0.616416
0.523216,1.51095
0.523219,2.31923
0.523243,5.19106
0.523246,3.68711
0.523252,1.7905
0.523255,4.65001
0.523279,0.875994
0.523292,1.51805
0.523315,7.60846
0.523316,0.581364
0.523328,0.574587
0.523331,0.537004
0.523333,3.41797
0.523344,4.23584
0.523355,2.73025
0.523372,0.553304
0.523386,1.86624
0.523412,2.42666
0.52343,0.934371
0.523442,4.76037
0.523444,4.37326
0.523473,0.410839
0.523506,1.20385
0.523572,2.50266
0.523581,10.2928
0.523603,0.942237
0.523609,4.95144
0.523622,0.57534
0.523627,0.518726
0.523631,1.98057
0.523681,0.859554
0.523682,2.06939
0.523691,0.725947
0.523732,2.51884
0.523749,1.1224
0.523786,4.5207
0.523789,5.02731
0.523794,4.02581
0.523809,3.63125
0.523819,1.8602
0.523839,2.27927
0.523856,4.82938
0.523858,1.10861
0.523879,0.815701
0.523896,6.52778
0.523906,2.29135
0.523911,6.60826
0.52396,4.09155
0.523969,1.8623
0.524001,2.20687
0.524042,1.5052
0.524095,4.83634
0.524099,2.42061
0.524106,1.40867
0.524117,4.17125
0.524137,4.1155
0.524175,2.44145
0.524196,4.32782
0.52422,2.91819
0.524233,4.41524
0.524239,2.85453
0.524242,1.38576
0.524298,0.280251
0.524312,2.35845
0.524327,3.52261
0.52434,2.20971
0.524372,4.88995
0.524437,8.89994
0.524454,0.342354
0.524588,4.122
0.52459,2.53715
0.524597,2.14142
0.52463,2.71047
0.524631,0.476411
0.524665,4.7513
0.524707,4.66442
0.524727,1.80012
0.524738,0.666271
0.524747,0.863115
0.524754,3.04192
0.524778,3.04415
0.52479,2.08087
0.524792,2.84484
0.524796,0.394266
0.524869,0.802035
0.524875,1.41154
0.524884,0.0699902
0.524885,0.268344
0.524894,2.8808
0.524933,0.598745
0.524943,1.3548
0.524956,1.97605
0.524958,0.231528
0.524966,1.7103
0.525025,1.85321
0.525068,4.53176
0.525085,1.88412
0.525105,2.73433
0.525131,4.2371
0.525137,3.25758
0.52517,2.53975
0.52519,1.23346
0.525215,3.34717
0.525215,1.0027
0.525221,1.80835
0.525232,4.74848
0.525265,1.12873
0.525295,2.06754
0.52536,3.68863
0.52537,1.90961
0.525401,0.587136
0.525426,2.55584
0.525449,0.0466175
0.525452,0.324189
0.525469,4.44703
0.525505,1.86567
0.525505,2.00691
0.525521,0.473567
0.525523,4.76871
0.525524,1.70282
0.525528,4.1405
0.525548,2.07518
0.52555,9.49708
0.525556,3.74495
0.525557,4.86313
0.525586,4.80647
0.525586,0.64066
0.525604,5.27288
0.525655,1.19388
0.525675,4.38178
0.525711,3.08446
0.525732,1.30329
0.525754,0.0045364
0.525768,2.06756
0.525772,0.347028
0.525777,3.90651
0.525823,2.62578
0.525826,6.90864
0.525827,1.37346
0.525828,3.74242
0.525838,2.72839
0.525841,1.15838
0.525848,2.99296
0.525852,2.93961
0.525912,5.84026
0.525925,4.71859
0.525947,6.52016
0.525948,4.04895
0.525955,1.56711
0.52596,2.53184
0.526008,1.84722
0.526032,1.06095
0.526066,1.96203
0.526133,0.530252
0.526136,3.1154
0.526161,5.34609
0.52618,5.14968
0.526233,1.73266
0.526241,1.38296
0.52625,3.44019
0.526259,1.73268
0.526284,2.72732
0.526288,3.51665
0.526331,0.507516
0.526358,1.28476
0.526394,4.19268
0.526411,2.46381
0.526421,1.78042
0.526432,6.16097
0.526454,6.97846
0.526484,5.73641
0.526511,8.12301
0.526516,3.35959
0.526546,7.42605
0.526548,1.0781
0.526552,4.50043
0.526557,7.93756
0.526572,3.04573
0.526573,2.12361
0.526582,1.03319
0.526588,1.48643
0.526596,3.08295
0.526653,5.56131
0.526657,2.76109
0.526659,1.88671
0.52666,1.3273
0.526667,2.53174
0.526698,0.419348
0.526706,2.43813
0.526712,1.80934
0.526714,3.49034
0.526739,1.52182
0.526751,5.15473
0.526778,3.67558
0.526826,1.0327
0.526838,7.12803
0.526873,0.905752
0.526894,2.22917
0.526897,0.359795
0.526907,4.30439
0.52692,0.496789
0.526956,1.13468
0.526968,0.73683
0.527027,1.28648
0.527046,9.122
0.527052,3.55707
0.527053,1.21469
0.52706,2.37457
0.52709,2.40475
0.527111,0.931645
0.527129,2.15082
0.527131,0.0178066
0.527198,2.67094
0.527219,2.44551
0.527227,3.63105
0.52724,0.723275
0.527287,1.02691
0.527294,2.77043
0.527294,3.97579
0.527332,1.61559
0.527343,1.19635
0.527346,1.69
0.52738,4.51153
0.527447,0.580576
0.527469,1.18031
0.527475,4.35137
0.527478,0.494863
0.527501,0.624946
0.527516,2.9059
0.527526,5.51869
0.527531,0.243085
0.527541,0.182175
0.527544,2.20614
0.527572,1.25138
0.527572,0.689941
0.527575,1.36328
0.52761,2.81271
0.52764,7.9177
0.527656,0.780627
0.527662,6.9508
0.527667,2.71603
0.527685,1.44124
0.527691,5.41539
0.527711,2.77496
0.527741,3.67846
0.527784,1.34229
0.527786,0.944379
0.52779,1.0082
0.527804,3.65048
0.527819,0.382848
0.527823,0.0936384
0.527833,0.520001
0.527837,3.34033
0.527859,3.94895
0.527897,3.05864
0.527903,1.00971
0.527905,5.37087
0.527916,0.367219
0.527919,3.66259
0.527921,3.54553
0.527946,5.2088
0.527961,2.60368
0.527978,0.539309
0.528039,1.4467
0.528047,1.96864
0.528067,10.9211
0.528072,0.0131403
0.528106,6.04155
0.528109,3.96313
0.528119,1.55112
0.528134,4.50385
0.528176,0.95015
0.528219,3.25483
0.528222,1.65961
0.528241,2.44289
0.528345,0.0941139
0.528353,0.000614443
0.52836,3.68326
0.528462,1.15131
0.528475,0.31667
0.52848,6.24891
0.528487,1.30647
0.528488,6.11882
0.528534,3.33941
0.528548,0.435744
0.528566,10.0894
0.528569,0.072376
0.52858,0.0092923
0.528591,1.95081
0.528599,0.610733
0.528605,5.78192
0.528627,5.22092
0.528643,4.35303
0.528653,3.79451
0.528661,5.44044
0.528667,5.09955
0.528676,7.82253
0.528677,3.65843
0.528684,3.54325
0.528736,1.74183
0.528776,1.06644
0.528827,2.79295
0.528877,0.483516
0.528885,3.60813
0.528915,0.295191
0.528941,2.56455
0.528951,4.50049
0.528962,1.30972
0.528998,2.78997
0.529016,5.12593
0.529048,1.71656
0.529065,1.38708
0.529091,2.3815
0.529146,0.478342
0.529159,3.86493
0.529184,1.19265
0.529198,1.9138
0.529215,5.8094
0.529236,3.91555
0.529236,6.68245
0.529243,1.19624
0.529249,4.90244
0.529296,7.75316
0.529432,4.53251
0.529458,0.521732
0.529491,3.18738
0.529502,1.98356
0.529505,4.26101
0.529537,2.17001
0.529541,3.17645
0.529582,6.00246
0.529596,0.725826
0.52961,1.66067
0.529656,0.724906
0.529667,1.2476
0.529667,0.998887
0.529684,4.43015
0.529699,8.10379
0.529727,1.05647
0.529791,1.23015
0.529801,4.11288
0.529808,0.436237
0.529815,2.03377
0.529849,4.52789
0.529866,0.832596
0.529933,2.14394
0.529945,0.758315
0.529958,4.90053
0.52996,5.36973
0.529979,1.13849
0.529985,4.9873
0.529997,0.389137
0.530004,4.7267
0.530026,0.0537053
0.530027,1.92689
0.530035,4.10388
0.53005,3.94633
0.530082,4.62143
0.530122,0.791611
0.530138,2.87674
0.530158,4.79005
0.53017,6.16963
0.530192,7.37565
0.530205,0.474471
0.530252,6.10136
0.530252,2.23006
0.530272,3.65824
0.530274,4.25786
0.530292,3.20429
0.530345,0.790072
0.530374,3.06414
0.530397,1.29646
0.530398,0.452006
0.530415,0.671319
0.530423,2.46061
0.530424,2.37805
0.530451,7.29583
0.530452,3.32739
0.530496,6.95075
0.530526,4.75799
0.530529,0.133149
0.530546,6.66141
0.53056,6.55526
0.530583,1.68317
0.530614,0.995936
0.530624,0.477931
0.53063,6.28476
0.530634,0.896442
0.530641,3.54357
0.530801,1.52079
0.530803,1.13668
0.530868,0.40837
0.530887,2.58249
0.530894,0.852439
0.530897,4.33507
0.530907,0.559998
0.530931,4.2492
0.530942,0.505597
0.530947,2.88527
0.530959,5.03603
0.531008,1.98134
0.53108,4.69777
0.531081,0.982761
0.531089,1.16938
0.531093,0.402077
0.531121,0.215969
0.531125,2.76782
0.531265,2.39157
0.531293,0.28848
0.531296,3.14343
0.531299,0.903952
0.531394,2.68291
0.531403,0.89691
0.531404,2.00522
0.531411,3.97821
0.531412,4.67606
0.531412,3.32907
0.531449,12.1238
0.531473,0.843112
0.531477,5.15467
0.531484,3.06495
0.531495,3.87886
0.531532,1.6273
0.531539,2.8034
0.531551,3.7293
0.531562,4.37493
0.531588,3.68572
0.531631,0.942696
0.531666,4.447
0.531683,0.665391
0.531712,6.09586
0.531721,1.88792
0.531755,1.92933
0.531758,4.33175
0.531765,0.578408
0.531778,1.99237
0.53183,4.05556
0.531888,4.31411
0.531911,0.856616
0.531938,5.76443
0.531949,4.78138
0.53195,1.16891
0.531969,3.97422
0.531973,8.51038
0.531982,5.1929
0.531987,1.86316
0.532049,2.29883
0.532089,2.35889
0.532128,3.29425
0.53217,4.95074
0.532183,4.54376
0.532185,3.12506
0.532193,4.04782
0.532194,6.60822
0.532218,1.475
0.532242,3.82666
0.532252,5.22932
0.53227,6.501
0.53228,1.4579
0.532288,2.48003
0.532295,4.80224
0.532313,2.18866
0.532317,0.514062
0.532318,1.65193
0.532337,0.0363511
0.532374,3.94772
0.53241,3.28322
0.532411,0.381445
0.532446,0.240387
0.532449,3.23509
0.532506,1.46867
0.532534,1.91673
0.532562,0.708007
0.532563,1.72668
0.532645,6.67451
0.532671,0.598155
0.532698,3.52236
0.532727,6.63119
0.532745,4.80118
0.532765,0.218662
0.532768,1.25109
0.53277,1.77008
0.532789,5.21746
0.532832,0.880794
0.532832,1.32409
0.532853,2.03826
0.532862,2.08783
0.532866,1.02439
0.532981,1.2745
0.532984,6.1682
0.533011,0.87243
0.533023,0.109757
0.533039,3.4346
0.533049,3.854
0.53308,0.878517
0.533124,5.79607
0.533128,2.48752
0.533151,2.01701
0.533155,0.218676
0.533171,1.84968
0.533199,1.13955
0.533205,0.16491
0.533255,2.55868
0.53329,2.61793
0.533323,8.53152
0.533328,1.81613
0.533331,0.110696
0.533417,4.88153
0.533424,4.94605
0.533491,0.743922
0.533638,4.17795
0.533665,2.66202
0.533673,2.29162
0.533694,0.942675
0.533694,2.1767
0.533708,0.711053
0.533709,0.412395
0.533802,2.8713
0.533808,3.33806
0.533853,4.83713
0.533871,0.546572
0.533881,1.32623
0.533941,2.72928
0.533946,3.54899
0.533964,2.82553
0.533967,0.388099
0.533968,0.516074
0.534047,6.67442
0.534124,1.23095
0.534171,3.93615
0.534189,4.2757
0.534191,1.71231
0.53428,0.0301852
0.534307,2.77802
0.534336,2.048
0.534346,4.79003
0.534378,2.829
0.534405,0.0243675
0.534442,3.94602
0.534445,1.09456
0.534446,2.7
0.534482,2.46038
0.5345,2.4598
0.534574,3.16513
0.534586,1.06129
0.534647,1.13983
0.534782,1.8338
0.534809,1.32254
0.534812,1.13531
0.534832,1.31721
0.534838,6.4481
0.534875,1.34649
0.534875,0.0141071
0.534895,2.19843
0.534929,1.53001
0.534931,0.0344412
0.534938,0.897888
0.534976,7.29189
0.535006,1.90398
0.535018,1.60542
0.53504,1.04372
0.535081,1.62487
0.535083,3.51617
0.535103,4.06679
0.535113,5.44374
0.535117,2.17458
0.535139,2.43532
0.535146,4.05236
0.535195,0.483214
0.53525,1.12527
0.535255,1.45409
0.535272,2.66905
0.535293,2.96845
0.5353,1.86448
0.535341,7.8887
0.535345,1.52717
0.535346,1.35974
0.535361,3.38018
0.535454,4.83112
0.535454,4.13315
0.535472,3.81579
0.535497,3.61095
0.535501,1.4791
0.535511,0.204323
0.535515,1.05579
0.535522,2.30985
0.535528,1.65432
0.535542,0.858808
0.53561,4.74901
0.535612,5.77917
0.535658,2.97903
0.535669,2.95218
0.535705,2.95274
0.535707,5.00002
0.535747,2.28575
0.535819,3.18386
0.535867,3.83217
0.535902,5.73951
0.53593,6.39243
0.535937,3.30235
0.535983,2.8258
0.536019,0.000407938
0.536064,5.71929
0.536071,5.32624
0.536136,1.92382
0.53614,3.74412
0.536158,4.84209
0.53622,2.098
0.536314,1.20584
0.536343,1.89859
0.536361,0.0614297
0.536382,6.82052
0.536412,5.37883
0.536454,3.66091
0.536506,2.37674
0.536524,0.69305
0.536559,1.44641
0.536575,1.18882
0.536604,1.74993
0.536624,1.68902
0.536673,1.9231
0.536744,3.62557
0.536798,3.15832
0.536819,1.86824
0.536845,3.22642
0.536901,2.10253
0.536915,2.9161
0.536916,0.0148404
0.536992,3.1319
0.537008,2.32336
0.537065,0.422876
0.537146,6.84391
0.537147,4.2788
0.537148,0.23009
0.537202,4.27865
0.537224,4.40301
0.537236,0.526383
0.537242,0.829309
0.537253,0.333113
0.537285,2.10489
0.537287,0.582381
0.537351,0.429897
0.537424,2.63192
0.537427,1.73016
0.537436,4.33647
0.537447,4.19129
0.537463,2.92467
0.537482,4.63911
0.537523,0.413559
0.537525,1.6768
0.537585,2.15278
0.537731,0.151779
0.537747,1.86115
0.537768,2.3083
0.537769,2.18059
0.537803,6.70114
0.537855,0.308521
0.537864,6.12879
0.537868,5.41384
0.537894,1.30657
0.537923,4.76595
0.537948,3.52471
0.537958,1.40644
0.537958,2.68316
0.537961,6.85343
0.537963,0.909307
0.537967,1.38496
0.537977,2.61691
0.537991,0.614938
0.538032,2.19536
0.538033,2.11956
0.53806,1.78813
0.538073,1.12195
0.538179,0.20616
0.538239,0.877375
0.538274,2.85409
0.538342,2.31113
0.538358,0.920801
0.538384,9.33467
0.538433,2.34351
0.53844,2.77322
0.538476,7.74363
0.538556,1.02766
0.538559,1.1132
0.538575,0.00289728
0.538585,0.402344
0.538608,0.0694226
0.538619,1.98064
0.538637,0.330539
0.538641,5.94483
0.538644,4.11141
0.538658,2.31407
0.538674,0.107544
0.538702,4.42718
0.538704,3.12587
0.53874,3.65312
0.538775,3.82059
0.538784,4.51249
0.538786,0.425819
0.538803,2.92654
0.53881,9.63996
0.538833,5.66001
0.538854,2.48642
0.53887,0.561129
0.538949,2.96505
0.53898,2.55949
0.539019,1.56027
0.539036,2.17774
0.539045,2.20774
0.539076,2.1241
0.539087,1.6501
0.539111,1.095
0.539208,0.84609
0.539213,2.06086
0.539222,1.19822
0.539244,8.46433
0.539249,4.27775
0.539288,10.3609
0.539313,2.34569
0.539356,4.06504
0.539364,5.61387
0.539374,0.227398
0.53938,7.94794
0.539395,2.01377
0.539403,4.98307
0.539437,0.24636
0.539453,2.19476
0.53951,1.057
0.539536,0.169578
0.539637,4.02573
0.539709,4.0993
0.539729,1.34216
0.539921,2.05013
0.539956,1.03647
0.539977,1.42937
0.539999,0.912769
0.540036,2.7921
0.540079,3.34315
0.540097,6.25479
0.540122,2.48974
0.540123,2.90179
0.540128,5.81597
0.540135,7.76912
0.540138,1.81941
0.540166,0.981682
0.540181,2.56491
0.540183,2.23906
0.540191,0.266458
0.540215,6.09322
0.540258,9.37411
0.540286,1.04979
0.540286,1.29533
0.540313,1.11386
0.540379,1.34193
0.540395,2.51607
0.540429,4.49205
0.540522,7.90386
0.540565,6.44603
0.540614,0.287101
0.540637,0.838974
0.540693,2.21083
0.540716,2.47827
0.540725,0.345794
0.540757,8.53241
0.54076,0.442184
0.54077,1.23405
0.540812,2.76077
0.540828,3.58649
0.540886,0.593992
0.540895,1.52605
0.540979,3.18428
0.540983,2.71925
0.540984,6.15737
0.540999,4.28829
0.541003,4.5836
0.541015,4.84079
0.541028,1.01544
0.541102,4.39276
0.541105,1.42395
0.541125,3.95527
0.541143,3.46429
0.541184,3.47197
0.54121,4.37203
0.541221,4.81636
0.541228,2.78427
0.541275,1.66587
0.541282,0.239762
0.541304,1.68804
0.541311,2.34514
0.541328,1.10284
0.541354,2.73534
0.541365,3.08699
0.54137,2.20477
0.54142,2.34028
0.54144,2.97209
0.541443,4.44413
0.541447,2.09115
0.541502,0.123251
0.541508,2.66214
0.54151,3.35931
0.541511,2.0426
0.541524,6.16499
0.541609,1.89403
0.541611,0.504502
0.541617,0.772957
0.54166,1.80886
0.5417,6.16082
0.541749,5.56899
0.541768,4.48896
0.541873,0.865237
0.541882,2.27074
0.541923,3.0655
0.541942,3.51061
0.542033,3.12067
0.542079,0.0171561
0.542114,1.77883
0.542177,3.7031
0.542217,2.94146
0.542238,6.24656
0.542306,0.990348
0.542318,4.86243
0.542325,4.91533
0.542408,2.89639
0.542423,0.717463
0.542448,0.857912
0.542569,1.32935
0.542584,0.253322
0.542597,0.414004
0.542617,4.28981
0.542638,3.19665
0.542647,0.00599178
0.542681,2.47204
0.542696,2.7204
0.5427,2.2622
0.54279,1.37574
0.54289,0.23593
0.543033,2.76413
0.543077,2.44768
0.543132,1.59828
0.543148,0.192119
0.543206,0.625012
0.543229,0.752566
0.543252,2.17891
0.54333,2.44524
0.543341,5.60361
0.543384,0.755312
0.543434,1.85042
0.543485,4.40508
0.543499,4.00273
0.543505,8.63282
0.543546,2.11761
0.543587,3.33316
0.543747,5.65158
0.543774,3.82609
0.54385,8.14085
0.54388,1.75062
0.543926,2.02182
0.543934,0.513654
0.543943,3.9786
0.543959,0.0265531
0.544011,0.883403
0.544063,0.851021
0.544123,3.86339
0.544143,1.20719
0.544222,7.49263
0.544235,1.09495
0.544291,5.44596
0.544295,1.44758
0.544359,0.902276
0.544367,0.450897
0.544373,6.39858
0.544474,1.17695
0.544531,3.46685
0.544532,5.74266
0.544572,2.8525
0.544577,3.89133
0.544585,0.473566
0.54465,1.76803
0.544658,1.63718
0.544689,2.5951
0.544749,3.49353
0.54478,0.956817
0.544795,1.2302
0.544802,0.191278
0.544813,0.848131
0.544819,3.67256
0.54483,3.46324
0.544835,4.53585
0.544837,4.53755
0.544964,2.12129
0.545047,5.82141
0.545072,3.40226
0.545073,3.15095
0.545088,2.65507
0.54509,5.69525
0.545109,2.10784
0.545143,0.505895
0.545152,1.90876
0.545193,0.850605
0.545249,2.67081
0.545261,2.29817
0.545267,1.32798
0.54541,2.69108
0.545412,1.71768
0.545418,0.430927
0.545484,3.13286
0.545542,3.79893
0.545562,5.5151
0.545566,6.38777
0.545608,2.56125
0.545666,0.427041
0.545784,3.66416
0.545869,2.17005
0.545969,0.757275
0.545992,2.51694
0.546042,7.23328
0.546111,3.8671
0.546126,2.55861
0.546182,3.51223
0.546189,1.41756
0.546192,0.889122
0.546243,0.314073
0.546361,1.56638
0.546447,1.92358
0.546544,0.535164
0.546551,1.36297
0.546575,4.75914
0.546605,2.0885
0.546711,1.1483
0.546785,1.05675
0.546868,0.765332
0.546869,4.73259
0.546873,0.081427
0.546935,1.67673
0.547096,0.427824
0.547156,6.59582
0.547275,0.842505
0.547337,1.60939
0.547411,0.740123
0.547418,3.81048
0.547475,0.642587
0.547605,1.5046
0.547673,3.71885
0.547702,3.32164
0.547713,5.18173
0.547715,4.67937
0.547773,0.594742
0.547776,3.00931
0.54778,1.57117
0.547807,0.668746
0.547926,0.274499
0.547966,3.50881
0.548044,2.65527
0.548067,0.127898
0.548136,7.13472
0.548158,3.43
0.548198,4.82837
0.548282,6.9217
0.548362,1.22356
0.548379,1.6946
0.548527,0.344574
0.548612,3.71113
0.548698,1.32313
0.5487,0.630826
0.548772,0.673028
0.548798,0.590309
0.548873,4.33226
0.548874,0.851019
0.548918,0.526767
0.548924,1.80199
0.548949,2.45349
0.548966,1.05665
0.549053,5.19017
0.549073,4.10889
0.549169,1.22598
0.549199,4.88525
0.549202,0.857752
0.549225,0.608988
0.549279,0.575838
0.549308,3.42487
0.549394,1.43377
0.549438,0.160608
0.549444,0.915596
0.549467,2.60954
0.549482,0.652168
0.549566,1.59009
0.549569,0.714995
0.549596,1.03319
0.549734,3.45249
0.54981,0.303682
0.54987,1.49043
0.549941,2.61628
0.549975,6.16017
0.550019,0.969926
0.550021,3.39268
0.550036,6.87374
0.550039,3.4629
0.550136,2.21843
0.550169,1.92543
0.550177,2.23147
0.550186,2.633
0.550189,5.55952
0.550206,5.72973
0.550339,2.9517
0.550373,2.79767
0.55046,2.78592
0.550461,1.64726
0.550486,0.791512
0.550517,5.81631
0.550563,5.46996
0.550645,1.82217
0.550782,0.941731
0.55079,2.87287
0.5508,3.63406
0.550893,4.90505
0.550987,1.2344
0.551001,0.398387
0.551003,3.68771
0.551017,2.71664
0.551018,2.59043
0.551095,4.06968
0.551161,0.360272
0.551233,3.50904
0.551239,3.94601
0.551357,3.25332
0.551437,4.00766
0.55149,4.40474
0.551543,5.19697
0.551809,1.72171
0.551817,4.39764
0.551852,6.6113
0.551927,7.34206
0.552084,1.42017
0.55219,2.06182
0.552212,2.47513
0.552245,5.67548
0.552266,1.15306
0.552391,2.15287
0.55243,2.57301
0.552617,0.639303
0.552646,3.80384
0.552767,3.3565
0.552873,4.95569
0.552874,0.754865
0.552885,1.35033
0.552999,3.02861
0.553028,5.87336
0.553043,9.45385
0.553075,5.13339
0.553143,0.42946
0.553251,3.23551
0.553402,2.81106
0.55343,6.76229
0.55354,0.202752
0.553541,1.62396
0.553669,0.234813
0.553835,1.80176
0.553837,8.16482
0.553839,2.33899
0.553844,3.87545
0.553927,2.70331
0.553929,1.9869
0.554051,1.44617
0.55432,5.44767
0.554489,0.662294
0.554498,3.00759
0.554534,1.36628
0.554544,0.453522
0.554611,1.83106
0.554796,3.39126
0.554898,0.946465
0.554924,3.41422
0.554928,0.326795
0.554948,0.093549
0.554979,7.08335
0.555193,0.177775
0.55538,5.68112
0.555403,0.818535
0.555409,1.93044
0.555428,3.77302
0.555525,2.76331
0.55565,0.948081
0.555704,1.86089
0.555771,2.3799
0.556103,2.14865
0.556127,5.68646
0.556226,1.11285
0.556309,5.59293
0.556423,2.59595
0.556469,1.20212
0.556599,2.10473
0.556637,4.64925
0.5567,2.33579
0.5567,4.54892
0.556709,1.44273
0.556937,0.0431846
0.556947,1.20741
0.557024,5.47532
0.55706,1.38184
0.557068,4.28674
0.557214,2.53286
0.557244,1.32048
0.557249,0.234524
0.557308,8.19158
0.55733,0.164089
0.557369,1.51782
0.557502,5.68748
0.557525,0.656552
0.557557,0.391651
0.557569,5.08618
0.557681,3.63731
0.557802,4.16135
0.557862,3.25185
0.557936,0.385049
0.557989,2.14526
0.558211,2.08738
0.558262,3.47474
0.558299,0.299164
0.558303,1.27962
0.558322,2.76939
0.558362,9.33653
0.558367,1.55529
0.558404,2.82965
0.558405,4.68151
0.558532,3.94919
0.558538,2.66828
0.558554,3.58588
0.558583,2.28992
0.558601,2.07244
0.558647,0.970632
0.558675,1.49308
0.558743,3.62012
0.55877,3.27158
0.558956,2.36033
0.559087,6.27165
0.559254,0.183684
0.559294,1.79474
0.55932,0.618193
0.559336,6.13606
0.559409,2.08981
0.559518,0.474865
0.559554,6.64973
0.559659,0.192666
0.559781,1.80284
0.559794,2.76318
0.559842,0.998336
0.559912,1.19997
0.559942,1.03348
0.559971,2.13436
0.560026,0.844902
0.560038,0.90516
0.560099,1.84131
0.560211,2.05612
0.56027,1.44857
0.560272,3.60727
0.560419,0.368964
0.560521,4.57977
0.560568,4.79026
0.560584,2.04081
0.560591,0.263308
0.560688,3.74028
0.560707,3.89384
0.560766,6.50977
0.560989,1.85233
0.561059,1.09508
0.561076,4.30006
0.56114,8.46915
0.56141,0.480346
0.561627,3.28303
0.561654,5.57577
0.561736,5.7185
0.561758,2.46081
0.561835,1.21845
0.561921,6.70417
0.561929,2.73039
0.561964,1.99289
0.561973,3.0717
0.562111,1.04756
0.562137,6.20258
0.562171,6.05922
0.562424,5.03183
0.562426,4.8414
0.562482,0.0815787
0.562503,4.94395
0.562572,5.9988
0.562583,6.26895
0.562729,1.85463
0.563114,0.286718
0.56317,1.89126
0.563176,3.63183
0.563254,5.34506
0.563386,1.3626
0.563653,2.59597
0.563679,3.40689
0.563974,3.02004
0.564135,2.0428
0.56417,2.76928
0.564194,0.753367
0.56425,0.225906
0.564616,4.96438
0.564674,1.5981
0.5648,6.63157
0.564843,0.47627
0.565115,1.6816
0.565218,0.690376
0.565329,2.42676
0.565341,4.16885
0.56536,0.536999
0.56539,5.13036
0.565394,0.210332
0.565472,0.240417
0.565554,1.1581
0.565635,1.12732
0.565678,2.62712
0.565779,0.380765
0.565796,0.319127
0.565844,1.80905
0.566046,5.22073
0.56609,1.92637
0.566116,4.67914
0.566381,0.341708
0.56657,1.06003
0.566572,2.80032
0.566661,1.93419
0.566796,2.68471
0.566959,5.75026
0.567074,1.75462
0.567189,1.07288
0.567191,1.69098
0.567415,3.70959
0.567661,2.85821
0.567773,3.05043
0.567993,1.39764
0.568157,2.90799
0.568221,6.14158
0.568236,0.812963
0.568618,4.729
0.568672,5.82339
0.568716,0.798739
0.568727,0.544432
0.568812,3.70969
0.568829,2.62741
0.568874,0.514669
0.56909,0.227789
0.569276,1.05297
0.569437,3.92364
0.569546,1.74802
0.569699,6.52408
0.569711,2.09077
0.56974,0.248163
0.569952,1.18895
0.570057,3.995
0.570059,1.62996
0.57015,6.71296
0.570198,1.51528
0.570611,0.0113576
0.570641,6.45186
0.570802,0.0392851
0.570821,0.0711846
0.570844,1.3646
0.570979,5.63643
0.571199,1.49679
0.571265,1.54725
0.571274,0.455133
0.571539,0.980501
0.571545,1.27319
0.57156,2.26058
0.571642,0.29258
0.571762,0.560887
0.572199,0.0974906
0.572507,4.19806
0.572526,0.278397
0.572567,2.49354
0.573094,4.28813
0.57382,3.17988
0.573851,11.7688
0.574631,5.04881
0.575219,4.33172
0.575552,3.70008
0.575694,2.33856
0.576065,0.613689
0.576404,1.11859
0.576652,2.19833
0.577174,3.66918
0.577576,2.47381
0.578214,1.32044
0.578368,2.47729
0.578665,6.40823
0.579594,1.1935
0.580016,2.20542
0.58194,5.98575
0.582341,2.53811
0.582517,2.47446
0.583072,3.96547
0.583115,3.68835
0.583235,1.74681
0.583658,1.58566
0.583697,2.85
0.583884,1.87145
0.583891,1.81594
0.584346,4.62678
0.58452,1.54382
0.585774,4.01383
0.585784,6.03015
0.586564,2.019
0.586716,1.16899
0.587468,3.29091
0.587573,0.940897
0.587807,0.897476
0.58783,0.910366
0.587963,3.37674
0.588174,4.52275
0.588889,0.0260332
0.589388,7.10838
0.589442,0.391306
0.59262,3.41496
0.592991,1.85614
0.593081,0.299728
0.594545,1.2841
0.595285,1.5401
0.598475,2.47792
0.59878,5.86214
0.601622,0.366819
0.602039,1.47093
0.602409,0.310151
0.604692,0.110263
